q1,q2,q3,q4,q5,q6,q7,classic,profound,luxury,fancy,warm,soft,simple,comfortable,relax,feminine,romantic,bright,light,dynamic,friendly,pattern1,pattern2,pattern3,color1,color2,style,index
3,3,2,3,2,3,2,4,4,4,4,4,4,1,3,3,3,4,2,2,2,2,casual,romantic,modern,classic,classic,classic,1
5,5,3,4,4,3,2,3,3,4,4,4,2,4,4,4,2,3,5,4,4,4,natural,casual,casual,classic,romantic,casual,2
2,4,2,2,2,1,1,2,3,3,2,2,3,4,4,4,3,3,4,4,2,2,classic,classic,modern,natural,natural,modern,3
5,5,3,5,3,4,2,2,3,4,3,3,3,4,4,4,3,2,4,4,5,3,casual,modern,modern,casual,romantic,casual,4
3,4,2,3,3,3,1,1,2,3,3,3,4,4,4,4,3,3,4,2,3,3,classic,casual,modern,modern,modern,modern,5
4,5,2,5,3,4,2,2,3,4,4,4,3,3,4,3,2,2,5,3,4,4,natural,casual,classic,casual,natural,casual,6
4,2,4,1,4,3,3,4,3,4,3,5,4,2,3,4,5,4,4,2,2,2,classic,romantic,classic,romantic,romantic,romantic,7
2,4,1,2,2,2,1,2,2,4,3,3,3,3,3,4,2,3,4,3,2,3,casual,modern,natural,modern,casual,modern,8
4,2,4,1,4,3,3,2,3,4,4,3,5,2,3,3,5,5,4,3,3,2,romantic,classic,romantic,modern,classic,romantic,9
4,4,3,4,3,2,2,5,4,3,3,4,4,2,4,2,4,3,3,2,2,3,classic,romantic,modern,romantic,classic,classic,10
4,4,2,3,4,2,3,2,2,4,3,3,4,4,4,4,2,2,4,4,3,4,classic,natural,classic,natural,natural,natural,11
4,3,2,4,2,3,2,5,4,3,4,4,4,2,3,4,3,3,3,2,2,3,classic,romantic,modern,romantic,classic,classic,12
3,4,2,3,3,3,3,2,3,4,2,4,3,3,3,4,2,3,4,3,3,2,natural,casual,natural,modern,classic,natural,13
4,5,2,2,4,2,2,2,2,3,2,2,3,3,4,3,2,3,3,4,3,2,romantic,casual,casual,natural,casual,natural,14
4,4,2,3,4,2,3,2,3,4,2,4,3,4,4,3,2,2,3,3,2,3,casual,classic,casual,casual,modern,natural,15
4,4,1,2,3,2,3,3,3,4,2,4,4,4,4,3,2,2,3,4,3,2,natural,romantic,modern,romantic,natural,natural,16
3,4,2,3,2,1,1,2,2,3,2,2,3,4,4,4,3,2,4,3,3,2,classic,modern,modern,natural,modern,modern,17
5,4,2,4,4,3,2,1,3,3,3,3,3,3,4,3,4,3,5,3,4,4,classic,casual,romantic,natural,casual,casual,18
4,5,3,4,4,4,2,2,3,4,4,2,2,4,4,4,2,3,5,4,4,4,natural,romantic,casual,modern,natural,casual,19
3,3,1,1,2,2,2,1,2,3,2,3,3,4,4,3,3,2,3,3,3,3,classic,natural,modern,modern,classic,modern,20
4,5,3,4,4,3,2,2,3,3,3,3,3,4,3,4,3,3,5,5,4,4,natural,modern,romantic,casual,natural,casual,21
5,5,2,2,3,3,3,3,2,3,2,3,3,3,3,4,2,2,4,3,2,2,natural,natural,casual,natural,natural,natural,22
2,4,2,2,2,2,2,2,3,4,2,2,3,3,4,4,3,3,3,3,2,2,modern,natural,modern,modern,modern,modern,23
3,4,2,3,2,3,1,2,2,3,3,3,4,4,4,4,3,2,4,3,2,3,natural,natural,romantic,natural,modern,modern,24
3,4,2,4,2,3,2,4,4,3,4,4,4,2,3,3,3,3,4,2,2,3,classic,classic,modern,modern,natural,classic,25
3,3,2,1,3,1,2,1,2,3,3,2,4,4,4,4,2,2,4,3,2,3,classic,casual,casual,classic,modern,modern,26
3,4,2,1,2,1,1,2,3,4,2,3,3,4,3,4,3,3,3,2,2,2,modern,classic,casual,casual,natural,modern,27
2,3,2,2,3,2,1,1,2,3,3,2,4,4,4,3,2,3,4,3,2,3,natural,natural,modern,classic,natural,modern,28
3,3,2,3,2,2,2,2,3,3,3,3,4,4,4,4,2,2,4,2,3,2,modern,modern,romantic,classic,modern,modern,29
3,4,2,2,2,1,1,2,2,3,3,2,3,4,4,3,2,3,3,3,3,2,modern,casual,modern,classic,natural,modern,30
4,4,2,5,3,2,2,2,3,4,3,4,2,4,4,3,4,2,5,4,3,4,casual,casual,casual,casual,casual,casual,31
5,4,3,4,4,3,2,3,2,4,3,4,3,3,4,3,4,2,4,3,4,4,casual,natural,casual,casual,casual,casual,32
3,5,2,3,3,2,2,4,4,4,3,3,4,2,2,4,4,3,3,2,3,3,classic,romantic,natural,classic,romantic,classic,33
4,3,1,4,3,3,2,3,4,4,4,4,3,2,4,2,3,3,3,2,3,2,casual,natural,classic,natural,romantic,classic,34
4,5,3,4,4,2,2,2,3,4,4,3,2,3,4,4,3,3,5,5,5,3,classic,classic,natural,romantic,modern,casual,35
4,5,2,2,4,2,2,2,2,4,3,4,3,3,4,3,2,3,4,3,2,4,modern,classic,natural,natural,casual,natural,36
3,5,2,2,3,2,2,3,3,4,2,3,3,4,4,4,2,4,3,3,2,4,casual,casual,natural,casual,natural,natural,37
3,4,1,3,3,3,2,1,2,4,2,3,4,4,4,4,3,3,3,4,3,3,casual,modern,modern,modern,modern,modern,38
3,3,3,3,4,3,2,3,4,4,4,4,3,2,2,3,3,4,3,1,3,2,classic,natural,classic,classic,classic,classic,39
4,3,3,2,3,3,4,2,2,4,3,3,5,1,3,3,5,4,4,2,2,3,casual,romantic,romantic,modern,modern,romantic,40
4,3,3,2,3,2,3,3,3,3,4,3,4,3,4,4,5,5,4,3,2,3,romantic,romantic,romantic,romantic,natural,romantic,41
2,4,2,2,3,2,1,2,3,4,3,2,4,3,3,4,3,3,4,4,2,3,classic,romantic,classic,modern,modern,modern,42
2,4,1,2,3,2,1,1,2,4,3,2,4,4,3,4,3,3,4,3,3,2,modern,casual,classic,classic,casual,modern,43
2,4,2,3,2,2,1,2,2,4,2,2,3,4,3,4,3,3,4,4,3,3,casual,romantic,modern,modern,classic,modern,44
2,4,1,2,3,3,2,2,2,4,3,3,4,3,3,4,3,3,4,2,3,2,classic,modern,modern,romantic,casual,modern,45
4,5,3,5,4,3,3,2,3,4,3,2,4,3,4,3,4,3,5,4,3,3,casual,casual,romantic,romantic,romantic,casual,46
2,4,2,1,2,2,2,2,3,4,3,3,3,3,4,4,2,2,3,4,2,2,romantic,casual,modern,modern,natural,modern,47
3,4,2,4,3,3,3,4,4,4,4,4,4,2,2,4,4,3,4,1,3,2,natural,classic,casual,modern,classic,classic,48
3,3,2,1,2,2,2,1,2,4,3,3,3,4,4,3,2,3,4,2,2,3,modern,classic,modern,modern,classic,modern,49
2,3,1,3,2,2,2,2,2,3,2,2,3,4,4,4,2,3,4,2,2,3,modern,modern,modern,modern,casual,modern,50
2,4,1,3,2,3,2,2,2,4,2,3,3,4,3,4,3,2,4,2,3,3,modern,modern,casual,casual,modern,modern,51
3,4,2,2,2,3,2,1,2,4,3,3,3,4,4,4,2,3,4,2,2,3,natural,casual,modern,natural,modern,modern,52
3,4,3,3,4,3,3,2,2,4,2,3,4,3,4,4,3,4,4,3,2,4,natural,natural,natural,natural,natural,natural,53
3,3,2,4,3,3,2,3,3,3,4,4,4,2,3,3,3,3,2,2,3,3,casual,classic,casual,casual,natural,classic,54
3,4,2,3,3,2,2,1,2,4,3,2,4,4,3,4,3,2,3,4,2,2,modern,modern,casual,romantic,classic,modern,55
3,4,1,3,2,3,1,2,2,4,2,3,4,3,3,4,2,2,4,3,3,2,casual,natural,modern,modern,natural,modern,56
5,3,3,2,4,3,4,3,3,4,3,4,3,2,3,2,5,5,4,3,3,2,modern,romantic,romantic,classic,romantic,romantic,57
5,4,2,5,4,4,1,2,3,4,3,4,3,4,3,3,4,3,5,5,4,4,romantic,romantic,casual,casual,casual,casual,58
3,4,1,2,2,2,1,1,3,3,3,2,3,4,4,4,3,2,3,3,2,3,modern,modern,modern,classic,modern,modern,59
4,2,3,2,3,3,3,3,2,4,4,4,4,1,4,3,5,3,4,3,3,2,natural,natural,modern,modern,romantic,romantic,60
3,3,2,2,2,3,1,1,2,4,3,3,4,3,4,4,3,2,4,2,3,3,romantic,modern,modern,modern,natural,modern,61
3,4,2,2,2,3,2,1,3,4,3,3,3,4,4,4,2,2,4,3,2,2,classic,natural,romantic,romantic,modern,modern,62
3,4,2,3,4,3,3,3,4,3,4,3,4,2,3,4,3,3,3,1,2,2,classic,classic,classic,romantic,natural,classic,63
3,5,3,2,3,2,2,3,2,3,2,3,4,4,4,3,3,3,3,2,2,3,classic,modern,romantic,casual,natural,natural,64
5,5,3,3,4,3,2,2,3,4,3,2,2,4,4,4,4,3,5,4,3,4,modern,romantic,casual,casual,natural,casual,65
3,4,2,2,4,3,2,2,2,3,3,3,4,4,4,3,3,3,3,3,3,3,natural,romantic,natural,modern,modern,natural,66
2,3,2,1,3,2,2,1,2,3,3,2,4,4,4,4,3,3,3,3,3,2,modern,romantic,modern,modern,romantic,modern,67
4,5,2,5,3,4,3,2,3,3,4,2,2,4,3,3,3,3,4,5,4,4,natural,casual,modern,romantic,modern,casual,68
4,4,3,3,3,2,3,2,2,3,2,4,3,4,4,4,3,2,4,4,3,4,romantic,casual,classic,natural,modern,natural,69
3,4,2,2,3,2,2,1,3,4,3,2,4,3,4,4,3,3,4,3,3,2,natural,natural,romantic,modern,romantic,modern,70
3,3,2,2,2,3,1,2,2,3,3,3,3,4,3,4,3,2,3,2,2,2,romantic,natural,classic,natural,modern,modern,71
3,4,1,2,2,1,1,2,3,4,2,2,3,4,4,4,3,2,3,2,2,3,natural,modern,romantic,modern,casual,modern,72
3,4,1,3,4,2,3,2,2,3,2,4,3,3,4,4,3,2,4,3,2,3,casual,modern,natural,modern,natural,natural,73
2,4,1,2,2,2,1,2,2,4,2,3,3,4,4,4,3,3,3,3,2,2,modern,modern,natural,casual,modern,modern,74
4,4,2,2,3,3,3,2,3,3,2,4,4,4,4,4,3,4,3,2,2,2,natural,natural,casual,romantic,casual,natural,75
4,5,3,5,4,4,3,3,3,4,4,4,2,3,4,4,3,3,4,3,4,3,natural,casual,romantic,natural,classic,casual,76
5,5,3,5,4,3,1,3,3,3,4,2,3,4,4,4,2,3,5,5,5,4,natural,romantic,modern,romantic,classic,casual,77
2,4,2,2,3,1,2,2,2,4,3,3,3,4,4,4,2,3,4,2,2,2,modern,modern,modern,modern,modern,modern,78
5,4,2,3,3,3,3,3,2,3,2,4,3,3,4,3,2,3,4,2,2,4,classic,natural,natural,casual,romantic,natural,79
4,4,3,4,3,3,2,1,2,4,4,3,3,3,4,4,3,2,5,5,4,4,romantic,casual,casual,natural,romantic,casual,80
5,5,2,5,4,3,2,2,3,3,4,2,3,4,4,3,3,2,5,5,4,4,casual,classic,classic,modern,casual,casual,81
4,4,3,3,4,2,3,2,2,3,4,3,3,3,4,3,4,2,5,3,4,3,casual,classic,romantic,casual,casual,casual,82
2,4,2,1,3,3,1,2,2,3,2,2,3,4,4,4,2,3,3,4,3,3,classic,classic,casual,modern,modern,modern,83
4,5,3,4,4,3,1,1,3,4,3,4,4,3,3,3,4,3,4,5,3,4,casual,classic,romantic,natural,casual,casual,84
2,3,1,1,3,3,1,1,2,3,2,2,3,4,3,4,2,2,4,3,3,3,modern,classic,modern,modern,modern,modern,85
5,4,1,3,4,2,3,2,3,3,3,4,4,4,4,4,3,3,3,2,3,2,natural,natural,casual,classic,natural,natural,86
4,5,2,5,4,3,2,2,3,4,3,4,2,3,4,3,4,2,4,4,5,3,romantic,casual,casual,casual,casual,casual,87
5,4,3,3,3,3,3,3,3,4,2,3,4,4,3,4,3,2,4,3,3,3,modern,casual,classic,natural,romantic,natural,88
2,4,2,2,2,3,2,2,2,3,3,3,4,4,4,4,2,2,4,3,2,3,casual,modern,modern,modern,classic,modern,89
4,5,2,4,3,3,1,2,2,4,3,3,4,4,4,4,4,2,4,4,4,3,casual,casual,modern,casual,casual,casual,90
2,4,2,2,3,3,1,1,2,4,2,3,3,4,4,4,2,2,3,3,3,3,modern,classic,modern,natural,modern,modern,91
3,4,3,4,4,2,2,4,3,4,4,3,3,2,3,4,4,4,3,2,3,2,classic,natural,modern,classic,classic,classic,92
4,4,2,3,4,2,2,3,2,4,3,3,4,4,3,4,3,2,4,2,3,2,natural,classic,casual,natural,classic,natural,93
5,4,3,3,3,3,2,3,2,4,4,3,4,4,3,3,4,3,4,3,4,4,natural,casual,casual,classic,classic,casual,94
3,3,2,2,2,1,2,2,3,4,3,2,4,4,4,4,3,3,4,4,2,2,modern,modern,romantic,romantic,romantic,modern,95
3,4,2,3,3,2,3,3,3,4,3,4,4,1,2,4,4,4,4,2,2,3,classic,classic,modern,classic,classic,classic,96
3,3,2,3,2,1,1,1,3,4,2,3,3,3,4,4,3,2,4,4,2,3,modern,casual,modern,modern,romantic,modern,97
5,3,3,2,3,2,4,4,2,3,4,4,4,2,3,3,5,5,4,3,2,2,romantic,casual,romantic,romantic,casual,romantic,98
4,4,3,4,3,3,3,5,4,3,4,4,4,2,3,3,3,4,2,2,2,2,romantic,classic,classic,classic,modern,classic,99
3,4,2,2,3,2,2,1,2,4,3,3,3,4,4,3,2,2,4,4,3,2,classic,natural,modern,natural,modern,modern,100
2,3,2,2,3,2,2,1,2,4,3,3,4,4,4,4,3,3,3,2,3,2,natural,natural,modern,modern,natural,modern,101
3,4,2,2,2,2,2,2,2,4,3,2,3,4,3,4,2,2,4,4,3,3,modern,casual,romantic,modern,modern,modern,102
5,4,3,2,4,2,2,3,2,3,3,3,3,4,4,4,2,2,3,2,3,3,romantic,modern,classic,casual,natural,natural,103
3,3,2,2,2,1,2,2,2,4,3,2,4,4,4,4,2,2,4,3,3,3,modern,classic,natural,casual,modern,modern,104
3,5,2,2,4,3,3,2,3,4,2,4,3,4,4,3,3,2,4,4,3,4,casual,natural,classic,natural,romantic,natural,105
3,5,2,3,3,3,2,2,3,4,3,2,4,3,4,4,2,3,4,3,2,3,natural,natural,romantic,natural,natural,natural,106
4,4,1,2,4,3,3,3,3,4,2,4,3,3,4,4,3,2,4,3,2,2,natural,modern,romantic,romantic,romantic,natural,107
4,5,3,4,3,3,3,4,4,4,4,4,4,1,2,3,3,3,2,2,2,2,classic,classic,classic,classic,casual,classic,108
4,5,3,3,4,3,2,3,3,4,3,3,4,4,4,4,3,3,3,3,3,4,casual,classic,modern,modern,natural,natural,109
3,5,1,2,3,2,2,2,3,3,2,3,3,3,3,4,2,3,4,4,3,2,casual,classic,natural,casual,casual,natural,110
2,4,1,2,3,2,2,1,2,4,3,3,4,3,4,4,2,2,4,4,3,2,modern,casual,modern,modern,casual,modern,111
2,3,2,2,2,2,1,1,3,3,3,2,4,4,4,3,3,3,4,3,2,3,modern,classic,romantic,modern,casual,modern,112
3,4,1,1,3,2,1,2,3,3,2,3,3,4,4,4,3,3,4,2,2,3,classic,modern,natural,classic,modern,modern,113
5,5,3,4,3,2,3,2,3,4,4,3,4,3,4,3,2,2,4,4,4,4,casual,casual,modern,casual,casual,casual,114
3,4,1,3,3,2,2,2,3,4,2,2,3,4,4,4,2,2,3,2,3,3,casual,modern,classic,casual,classic,modern,115
5,5,2,2,3,2,3,3,3,3,3,3,3,4,4,4,2,3,4,3,2,4,natural,modern,modern,natural,classic,natural,116
2,4,2,3,2,3,1,1,2,4,2,2,3,3,3,4,3,3,4,3,2,2,casual,classic,modern,modern,modern,modern,117
3,4,1,3,3,3,2,2,2,3,3,3,4,3,4,4,2,3,4,3,2,2,modern,modern,classic,romantic,casual,modern,118
3,4,2,2,3,2,1,1,2,3,3,3,3,3,3,4,2,3,4,2,2,3,casual,modern,romantic,classic,modern,modern,119
4,2,4,2,4,3,4,4,2,4,3,3,4,3,3,4,5,4,4,3,2,3,romantic,romantic,casual,romantic,casual,romantic,120
4,5,3,3,3,2,2,2,3,3,2,2,3,4,4,3,3,3,3,3,3,4,natural,modern,natural,modern,natural,natural,121
2,3,2,3,2,1,2,1,2,3,3,2,3,4,3,4,3,3,3,4,2,3,casual,modern,modern,modern,natural,modern,122
3,4,2,3,3,3,2,1,2,3,3,3,4,4,4,4,2,3,3,4,3,3,classic,modern,modern,romantic,casual,modern,123
3,3,1,2,3,3,2,1,3,3,2,3,3,4,4,4,3,2,3,2,3,2,natural,natural,modern,modern,romantic,modern,124
3,5,1,3,3,3,2,4,4,3,3,4,3,2,3,4,4,3,2,1,2,2,classic,classic,classic,classic,modern,classic,125
2,3,1,2,2,2,1,2,2,3,2,2,3,4,3,3,3,3,3,4,3,3,romantic,natural,natural,romantic,natural,modern,126
5,4,3,3,4,3,3,1,2,3,4,2,3,3,4,3,2,3,5,3,5,4,classic,casual,romantic,casual,classic,casual,127
3,4,2,2,2,3,2,1,3,3,2,3,4,4,4,4,3,3,4,4,3,3,classic,modern,casual,modern,classic,modern,128
4,4,1,3,4,2,2,3,3,4,2,3,3,4,4,3,3,4,4,3,2,2,natural,casual,natural,natural,casual,natural,129
3,5,1,3,4,2,2,2,3,4,2,2,3,4,3,3,3,3,3,4,2,3,romantic,classic,romantic,natural,casual,natural,130
3,4,2,2,3,3,1,1,2,4,2,3,3,4,3,3,3,2,4,4,2,2,classic,modern,modern,modern,romantic,modern,131
4,5,2,5,3,3,2,3,2,4,3,3,4,4,3,4,3,3,4,3,4,4,modern,casual,casual,modern,casual,casual,132
4,3,2,3,3,3,3,4,4,4,4,4,3,1,3,3,3,3,3,1,3,3,casual,classic,classic,romantic,casual,classic,133
4,4,3,4,4,3,2,1,3,3,4,2,2,3,4,4,3,3,4,5,4,3,classic,casual,romantic,romantic,natural,casual,134
3,3,1,3,2,3,1,2,3,3,3,3,3,4,3,3,3,2,3,4,3,3,romantic,romantic,romantic,modern,romantic,modern,135
2,4,2,3,2,3,1,2,2,4,2,2,3,4,4,4,3,2,3,4,3,3,natural,casual,modern,natural,classic,modern,136
4,3,4,1,4,2,4,2,2,4,4,3,4,3,3,2,4,3,4,3,3,2,romantic,casual,modern,natural,modern,romantic,137
3,3,1,2,2,2,2,1,3,3,3,2,4,4,3,4,3,2,3,4,2,2,casual,modern,modern,casual,modern,modern,138
2,4,1,1,2,3,2,1,2,3,3,3,3,4,3,4,2,3,4,3,3,2,modern,modern,romantic,modern,natural,modern,139
3,4,2,2,3,2,1,1,2,4,3,3,3,3,3,3,3,3,3,3,3,3,romantic,modern,romantic,modern,modern,modern,140
3,3,1,2,3,2,2,1,2,4,3,3,3,3,4,4,3,2,3,2,3,2,natural,casual,modern,casual,modern,modern,141
5,5,2,2,3,3,2,2,3,4,3,3,3,3,4,4,3,3,4,4,2,2,natural,natural,modern,casual,natural,natural,142
4,5,3,4,2,2,3,4,4,3,3,4,3,1,3,3,4,4,3,2,3,3,classic,natural,classic,modern,casual,classic,143
3,4,3,3,4,3,3,4,3,4,4,4,3,2,4,3,3,4,4,1,3,2,natural,classic,classic,classic,natural,classic,144
2,4,2,3,3,3,2,1,2,3,3,3,3,3,4,4,3,2,4,3,3,3,casual,modern,modern,modern,casual,modern,145
3,4,2,3,3,3,2,1,3,3,2,2,3,4,4,4,2,3,3,3,2,3,modern,casual,romantic,modern,modern,modern,146
3,4,2,2,3,3,2,1,2,3,2,2,3,4,4,4,2,2,3,4,2,2,classic,natural,modern,modern,romantic,modern,147
4,2,3,1,3,2,4,4,3,3,3,3,5,2,3,2,5,4,4,3,2,3,casual,casual,romantic,modern,modern,romantic,148
4,5,3,4,3,2,2,1,2,3,3,3,3,4,3,3,4,3,5,3,5,4,modern,casual,classic,romantic,casual,casual,149
4,5,2,3,4,3,1,2,3,4,4,2,3,3,4,3,2,2,5,3,5,3,classic,classic,casual,modern,casual,casual,150
2,3,2,2,3,2,2,2,2,3,2,3,3,4,4,3,3,3,3,3,2,2,modern,modern,casual,modern,classic,modern,151
4,2,3,2,4,2,4,2,2,4,3,5,5,2,4,2,4,3,4,3,3,2,romantic,natural,classic,romantic,casual,romantic,152
4,5,2,3,4,2,3,2,3,4,3,4,3,3,4,4,3,3,4,4,3,3,classic,natural,natural,modern,natural,natural,153
3,5,1,3,3,2,3,2,3,4,3,3,3,4,3,3,2,2,3,3,3,3,natural,romantic,natural,casual,natural,natural,154
4,4,2,2,4,2,3,2,3,4,2,4,4,4,3,3,3,4,3,3,3,2,modern,natural,natural,natural,natural,natural,155
4,5,3,4,3,2,3,1,3,3,3,2,2,3,4,3,2,2,5,5,4,3,romantic,casual,romantic,casual,romantic,casual,156
3,3,2,3,4,2,2,4,3,4,4,4,4,2,4,2,4,3,3,2,3,3,classic,classic,casual,classic,romantic,classic,157
4,5,1,3,4,3,3,4,4,3,3,3,3,2,4,3,3,4,3,1,2,3,classic,classic,classic,natural,modern,classic,158
5,4,1,3,4,3,3,2,3,4,2,3,3,4,4,4,2,4,4,4,3,3,modern,natural,natural,modern,casual,natural,159
5,5,2,3,3,3,3,2,3,4,2,2,3,3,3,4,2,3,3,3,2,4,natural,romantic,modern,natural,romantic,natural,160
3,4,2,3,3,3,3,2,3,4,3,4,3,4,3,4,3,4,4,3,3,3,casual,natural,natural,natural,casual,natural,161
4,4,3,2,4,3,2,3,2,4,2,4,3,4,3,4,3,4,4,3,3,4,romantic,romantic,natural,casual,modern,natural,162
2,3,1,1,2,1,2,1,3,4,3,3,3,3,4,4,3,3,4,2,3,3,modern,natural,classic,modern,natural,modern,163
3,3,1,3,3,3,3,3,3,3,3,4,3,1,2,3,4,4,3,2,3,2,modern,modern,modern,modern,casual,classic,164
4,4,1,3,2,3,3,3,4,3,4,4,4,1,2,3,4,3,4,2,3,3,classic,romantic,romantic,classic,classic,classic,165
4,5,3,4,3,3,3,4,4,3,4,4,4,2,4,4,3,3,3,2,3,3,classic,classic,natural,romantic,classic,classic,166
5,5,3,4,3,4,2,2,2,3,3,2,4,3,3,4,4,3,5,5,5,4,casual,natural,casual,classic,modern,casual,167
4,5,3,2,4,2,3,2,3,3,2,3,3,3,3,3,2,2,3,2,3,2,casual,natural,modern,natural,romantic,natural,168
5,4,3,4,4,3,1,1,2,4,3,2,3,4,4,4,4,3,4,4,4,3,casual,casual,natural,classic,romantic,casual,169
3,4,2,2,2,3,1,1,2,4,3,3,3,4,3,3,3,3,4,4,2,3,modern,casual,modern,classic,classic,modern,170
3,3,2,2,2,2,1,2,2,3,2,3,3,4,4,3,3,2,4,3,3,3,classic,modern,modern,modern,casual,modern,171
2,4,2,2,2,1,2,2,2,4,3,2,3,4,3,4,3,2,4,4,2,3,modern,modern,classic,natural,modern,modern,172
5,3,2,2,4,3,4,3,3,4,4,5,4,1,3,3,4,4,3,3,3,2,casual,romantic,modern,classic,romantic,romantic,173
2,4,1,2,3,3,2,1,3,4,3,2,3,3,3,4,3,2,3,3,3,2,modern,modern,natural,modern,romantic,modern,174
4,5,1,4,4,3,2,4,3,4,3,4,3,2,3,2,3,3,3,1,2,3,casual,romantic,classic,classic,classic,classic,175
3,4,2,2,3,2,1,1,2,4,3,3,3,4,3,4,2,3,3,3,2,2,classic,modern,casual,natural,casual,modern,176
3,4,2,2,4,3,3,2,2,4,2,3,3,4,3,3,2,4,3,3,2,3,natural,romantic,classic,natural,modern,natural,177
2,4,1,3,3,3,2,2,2,3,2,2,3,4,4,3,2,3,3,4,2,2,natural,modern,romantic,classic,natural,modern,178
4,4,3,5,4,3,3,1,3,4,4,2,2,4,3,3,3,2,5,4,3,4,modern,casual,natural,casual,modern,casual,179
4,5,2,4,3,3,1,2,3,3,3,3,3,4,3,3,3,3,4,3,4,4,casual,casual,modern,classic,casual,casual,180
3,4,1,1,3,3,2,2,2,3,2,2,3,4,4,3,3,2,3,3,2,3,classic,modern,classic,modern,natural,modern,181
2,4,1,2,3,3,1,2,3,3,2,2,3,4,3,4,3,3,4,4,3,3,modern,romantic,modern,modern,modern,modern,182
4,4,2,4,3,2,2,4,4,4,4,4,4,2,3,2,3,4,3,2,3,3,classic,casual,classic,natural,casual,classic,183
4,5,1,3,3,3,3,4,3,3,4,4,4,1,3,2,3,3,3,1,2,3,casual,classic,modern,classic,classic,classic,184
2,4,2,1,2,2,2,1,2,3,3,2,4,4,4,4,2,3,4,2,3,3,natural,modern,casual,casual,natural,modern,185
3,4,2,3,2,2,2,2,2,4,3,2,4,4,4,3,2,2,3,2,3,2,romantic,modern,modern,modern,modern,modern,186
4,3,3,2,3,3,4,2,3,4,4,3,5,2,3,2,4,4,4,3,2,3,romantic,romantic,modern,romantic,romantic,romantic,187
2,4,2,2,2,1,2,2,2,4,2,2,3,4,4,3,2,2,4,4,3,3,natural,romantic,romantic,natural,classic,modern,188
2,4,2,2,3,2,1,1,3,3,3,3,3,4,3,4,3,3,3,4,2,2,natural,modern,classic,modern,classic,modern,189
4,4,1,3,4,2,3,3,3,4,3,3,4,4,4,3,3,3,4,3,2,2,classic,modern,classic,modern,casual,natural,190
5,4,2,3,4,4,2,2,3,3,4,3,3,4,4,3,3,3,5,3,4,3,casual,casual,casual,romantic,modern,casual,191
3,3,1,2,2,3,2,1,2,3,3,3,4,4,3,3,3,3,4,4,3,2,modern,modern,modern,romantic,modern,modern,192
2,4,1,3,2,2,2,2,2,4,2,3,3,3,4,4,2,3,3,2,2,2,natural,natural,modern,modern,natural,modern,193
5,4,2,2,4,3,2,2,3,4,2,2,4,3,3,3,3,3,4,3,2,2,natural,modern,natural,modern,romantic,natural,194
3,4,3,3,4,3,3,4,3,3,3,3,3,1,3,2,3,3,3,1,2,3,classic,classic,classic,classic,classic,classic,195
4,4,2,3,2,3,3,4,4,4,4,3,3,1,2,3,4,4,4,2,3,3,modern,natural,classic,casual,casual,classic,196
4,5,1,3,3,2,2,4,4,4,4,4,4,2,2,3,4,4,3,2,3,3,classic,modern,modern,romantic,classic,classic,197
4,4,1,3,4,2,3,5,4,4,4,4,4,1,3,3,3,3,3,2,3,3,classic,classic,casual,romantic,romantic,classic,198
2,4,2,2,2,3,1,2,2,3,2,2,3,4,4,4,3,2,4,3,2,3,modern,romantic,natural,modern,modern,modern,199
4,4,2,2,4,2,3,2,2,4,3,4,3,4,3,4,3,3,4,2,2,3,natural,romantic,classic,natural,natural,natural,200
3,3,2,2,3,2,1,2,3,3,3,3,4,4,3,4,2,3,3,3,2,2,romantic,modern,classic,modern,modern,modern,201
3,5,1,3,3,3,3,4,4,4,4,4,4,2,2,3,3,3,3,2,2,2,natural,modern,classic,romantic,natural,classic,202
2,4,1,2,2,2,2,1,3,3,3,3,3,3,3,3,2,2,3,3,3,3,modern,modern,natural,modern,natural,modern,203
3,5,3,3,4,2,2,3,2,4,3,2,3,3,4,3,2,4,4,2,3,2,modern,casual,casual,casual,natural,natural,204
4,4,3,4,3,3,3,2,2,4,4,4,4,3,4,4,4,2,4,4,4,4,casual,classic,natural,romantic,natural,casual,205
3,3,1,3,3,2,1,1,2,4,3,3,3,4,4,4,3,3,3,4,2,2,natural,modern,classic,modern,romantic,modern,206
3,4,2,3,3,3,3,2,2,4,3,3,3,4,4,4,3,3,4,3,3,2,romantic,natural,romantic,natural,casual,natural,207
4,4,3,4,4,3,2,5,3,4,3,3,4,2,2,4,3,4,3,2,3,2,classic,natural,classic,classic,modern,classic,208
4,3,2,3,3,3,3,3,4,4,4,4,4,1,3,3,4,3,4,2,2,3,modern,casual,modern,classic,classic,classic,209
2,4,1,2,3,1,2,2,2,3,2,2,4,4,3,4,2,3,4,2,3,3,modern,modern,modern,modern,modern,modern,210
4,5,1,2,3,3,3,2,3,4,3,3,3,4,3,4,2,2,3,2,2,2,natural,natural,natural,romantic,romantic,natural,211
5,3,2,2,4,2,4,2,2,4,5,4,5,1,3,3,4,3,4,3,2,3,romantic,natural,romantic,romantic,romantic,romantic,212
4,3,3,3,2,2,3,4,4,4,3,4,4,1,4,3,4,3,3,2,3,3,classic,classic,natural,classic,modern,classic,213
4,5,2,4,4,3,1,1,3,4,4,3,3,4,4,4,3,3,4,4,5,3,classic,casual,romantic,classic,natural,casual,214
2,4,2,3,2,1,1,2,2,3,3,2,4,4,3,4,2,3,4,2,3,3,casual,natural,modern,modern,modern,modern,215
3,4,2,3,3,3,2,2,2,4,2,3,4,3,4,3,2,3,4,4,2,3,classic,casual,modern,modern,modern,modern,216
4,2,3,2,4,3,3,2,2,3,5,5,3,2,3,2,4,4,3,3,2,3,modern,romantic,modern,natural,casual,romantic,217
2,4,1,2,2,3,1,1,2,4,2,3,4,4,4,4,2,3,4,2,3,3,modern,modern,natural,romantic,modern,modern,218
3,3,1,3,2,2,2,2,3,4,3,3,3,4,4,4,2,3,3,3,2,2,modern,modern,casual,classic,casual,modern,219
3,3,2,2,3,2,2,1,2,4,3,3,3,4,4,3,3,2,3,2,3,2,modern,modern,classic,modern,romantic,modern,220
3,4,2,2,2,3,2,1,2,4,3,3,3,4,4,4,3,2,4,4,3,2,modern,modern,modern,modern,natural,modern,221
3,4,2,3,2,2,2,2,2,3,3,3,3,4,4,4,3,3,3,2,2,2,natural,romantic,classic,modern,classic,modern,222
2,3,1,2,2,2,2,2,2,3,3,2,3,4,4,3,2,2,4,2,3,3,classic,modern,modern,romantic,modern,modern,223
4,5,2,3,3,3,2,3,3,4,2,4,4,3,3,4,2,4,4,4,3,4,classic,natural,romantic,natural,natural,natural,224
4,5,2,3,4,3,2,4,4,4,3,4,3,1,2,3,3,4,2,1,2,2,classic,classic,casual,classic,classic,classic,225
2,3,1,1,2,3,1,2,2,3,2,3,4,3,4,3,2,3,4,2,2,3,casual,modern,romantic,natural,modern,modern,226
4,4,3,4,2,3,2,4,4,3,4,3,4,1,3,2,3,3,3,2,3,3,classic,romantic,classic,romantic,natural,classic,227
2,4,1,2,3,2,1,2,2,4,2,2,3,3,4,3,2,2,3,3,3,3,modern,modern,natural,modern,classic,modern,228
3,4,1,1,3,2,2,2,2,3,3,2,3,4,4,3,3,3,4,3,3,3,modern,modern,natural,modern,classic,modern,229
5,2,3,1,4,2,4,2,2,4,4,3,5,2,4,3,4,4,4,2,2,3,classic,romantic,modern,romantic,romantic,romantic,230
5,2,3,2,4,3,4,3,2,3,4,4,3,2,3,3,4,3,4,3,2,3,natural,modern,casual,natural,casual,romantic,231
4,4,1,4,3,2,2,4,3,4,4,3,3,1,2,3,4,3,3,2,3,3,classic,natural,classic,classic,natural,classic,232
4,3,4,1,3,2,4,3,3,3,3,3,4,1,3,3,5,4,4,3,3,3,modern,modern,casual,casual,casual,romantic,233
5,3,4,1,4,3,3,2,2,3,3,3,5,1,3,3,4,3,4,2,2,3,romantic,casual,classic,romantic,romantic,romantic,234
4,3,2,3,4,2,3,4,4,3,4,4,3,1,4,4,4,4,4,2,2,3,romantic,classic,modern,classic,romantic,classic,235
2,4,2,2,3,2,2,1,2,3,3,3,3,4,4,4,2,3,4,3,3,3,casual,natural,romantic,classic,modern,modern,236
2,4,2,2,3,2,2,2,2,4,2,3,4,4,3,4,2,3,4,4,3,2,modern,modern,classic,natural,classic,modern,237
4,5,2,2,4,3,2,2,3,4,2,3,3,3,3,4,3,3,3,2,2,3,natural,casual,natural,natural,natural,natural,238
5,4,1,2,3,3,3,2,3,4,3,4,3,3,4,4,2,3,3,3,3,3,natural,modern,casual,natural,classic,natural,239
5,3,3,2,4,3,4,3,3,4,3,5,5,2,3,3,5,3,4,3,3,2,romantic,natural,modern,romantic,natural,romantic,240
4,5,3,2,4,2,2,2,2,4,2,3,3,4,4,3,2,4,3,2,3,3,natural,natural,natural,natural,natural,natural,241
3,4,1,3,2,3,2,2,2,3,2,3,3,4,4,4,2,2,3,3,2,3,natural,modern,modern,casual,modern,modern,242
5,3,4,2,4,2,4,2,2,3,4,4,5,1,4,3,4,3,3,3,2,3,romantic,casual,casual,natural,classic,romantic,243
4,5,2,3,3,2,3,4,4,3,4,4,4,1,3,3,3,4,3,1,2,3,modern,classic,modern,casual,classic,classic,244
4,4,2,4,3,2,2,3,4,4,3,3,4,2,2,4,3,3,3,2,2,3,classic,classic,modern,classic,classic,classic,245
5,2,2,2,4,3,4,2,2,3,5,4,4,2,3,4,4,5,3,3,2,2,casual,romantic,romantic,romantic,natural,romantic,246
3,4,2,3,3,2,2,2,3,4,3,2,3,4,4,3,2,3,4,3,3,3,romantic,modern,modern,modern,casual,modern,247
4,5,1,3,3,2,3,3,3,4,2,3,3,4,4,4,2,4,3,4,3,2,classic,casual,natural,natural,modern,natural,248
5,3,4,2,3,3,4,4,3,4,3,4,4,2,4,3,5,4,3,2,3,3,classic,modern,romantic,romantic,romantic,romantic,249
3,4,2,1,3,2,1,1,2,4,2,3,4,4,3,4,2,3,3,3,3,3,natural,natural,modern,romantic,modern,modern,250
4,5,1,3,3,3,3,3,2,4,2,4,4,4,4,4,3,3,4,3,2,3,natural,classic,natural,classic,modern,natural,251
4,5,3,3,3,4,3,2,2,3,3,4,4,4,3,4,3,2,5,3,4,4,casual,modern,romantic,casual,casual,casual,252
5,4,3,4,4,2,3,2,3,4,4,3,3,3,3,3,3,3,4,5,4,3,natural,modern,classic,casual,romantic,casual,253
3,3,1,2,3,2,2,1,2,3,2,3,3,4,4,4,2,3,3,3,3,3,modern,natural,natural,natural,modern,modern,254
5,4,3,3,4,2,2,3,3,4,2,4,3,3,3,3,2,4,3,3,2,4,natural,romantic,classic,natural,natural,natural,255
2,4,2,2,2,2,2,2,2,3,3,3,3,4,4,4,2,2,3,4,2,2,casual,modern,classic,natural,modern,modern,256
2,3,2,2,3,1,2,2,3,3,2,2,4,4,4,4,2,3,4,2,3,3,modern,modern,modern,romantic,modern,modern,257
4,4,3,3,4,3,3,3,3,4,2,3,3,4,4,4,2,4,4,2,3,2,natural,natural,natural,modern,classic,natural,258
3,3,2,3,2,2,1,2,3,4,3,3,4,3,4,4,2,2,4,3,3,3,modern,natural,natural,classic,natural,modern,259
4,4,2,4,4,4,2,2,3,3,3,3,3,3,4,4,4,3,5,4,4,4,romantic,romantic,casual,casual,casual,casual,260
3,4,2,3,2,2,1,1,2,4,2,2,4,4,4,4,2,3,3,3,2,3,modern,natural,natural,modern,natural,modern,261
2,3,2,1,2,3,2,2,2,3,2,3,4,4,3,3,3,3,4,3,3,2,romantic,modern,modern,modern,classic,modern,262
4,2,2,1,4,2,4,4,2,3,3,5,3,3,3,2,4,3,4,2,3,2,natural,romantic,modern,classic,romantic,romantic,263
4,4,2,3,3,4,3,1,2,3,3,4,4,3,3,4,4,3,4,5,4,4,natural,casual,modern,classic,classic,casual,264
4,4,3,4,3,4,2,2,2,3,3,3,4,4,4,3,4,3,5,4,3,4,casual,romantic,casual,casual,casual,casual,265
4,3,2,3,2,2,3,3,4,3,4,3,3,2,2,3,3,3,3,2,3,3,casual,casual,casual,classic,casual,classic,266
2,4,2,2,3,2,2,2,3,3,2,2,3,3,4,3,2,2,3,3,2,3,modern,modern,casual,romantic,modern,modern,267
4,5,2,3,3,4,3,3,3,4,3,3,2,4,4,3,2,3,4,3,4,3,casual,casual,modern,casual,modern,casual,268
5,4,2,5,4,4,2,2,3,3,4,2,3,4,3,4,3,2,5,4,4,3,classic,casual,classic,classic,casual,casual,269
4,4,1,3,4,2,2,4,4,4,3,4,4,1,3,4,3,4,2,2,3,3,natural,romantic,classic,casual,classic,classic,270
4,4,1,2,4,3,2,2,2,3,3,3,4,3,4,4,3,4,3,4,3,4,natural,natural,modern,natural,romantic,natural,271
4,5,3,3,3,3,3,3,3,3,3,2,4,3,4,4,3,3,4,4,4,3,modern,casual,casual,romantic,casual,casual,272
3,4,2,3,4,3,2,5,3,3,3,4,3,1,3,4,4,4,3,1,2,2,classic,casual,classic,natural,modern,classic,273
3,4,2,3,3,3,3,4,4,4,4,4,3,2,2,2,3,3,3,1,3,2,natural,modern,modern,modern,romantic,classic,274
5,5,3,3,3,3,3,2,2,4,3,2,3,3,4,4,3,2,4,3,2,4,casual,modern,casual,natural,modern,natural,275
2,4,1,3,3,2,1,2,2,3,2,2,3,3,3,4,2,3,3,4,3,3,romantic,classic,casual,modern,modern,modern,276
4,3,3,2,4,2,4,2,3,3,4,3,4,3,4,2,4,5,3,2,3,3,modern,romantic,romantic,casual,modern,romantic,277
5,4,3,5,4,3,2,1,2,3,4,2,3,4,3,3,3,3,5,3,4,4,casual,casual,casual,casual,casual,casual,278
3,4,2,3,3,2,3,3,3,4,3,4,3,3,4,4,2,3,3,3,2,4,casual,natural,natural,casual,modern,natural,279
3,4,1,3,3,3,2,1,2,4,2,2,3,4,4,4,2,2,3,2,2,3,modern,classic,natural,modern,modern,modern,280
3,4,2,2,2,1,1,1,2,3,3,3,3,4,3,4,2,3,3,3,2,3,modern,classic,natural,casual,classic,modern,281
5,5,2,3,4,3,2,2,3,4,2,3,3,4,3,4,3,2,3,2,3,2,natural,natural,natural,natural,natural,natural,282
2,4,2,3,3,2,2,2,3,4,3,3,3,4,4,3,2,3,4,3,3,3,romantic,classic,romantic,casual,modern,modern,283
3,4,2,3,3,1,1,1,2,4,3,2,3,3,4,4,3,3,3,4,2,3,classic,casual,modern,modern,modern,modern,284
2,3,1,2,2,3,1,1,3,3,2,3,4,4,4,4,2,3,3,4,3,2,classic,classic,romantic,modern,classic,modern,285
3,5,1,2,4,3,2,3,3,3,3,3,3,3,4,3,2,4,3,3,2,3,modern,romantic,natural,natural,casual,natural,286
4,4,1,4,3,3,2,4,4,3,4,3,4,2,4,3,4,3,3,1,2,3,romantic,classic,classic,natural,casual,classic,287
3,3,1,2,2,2,2,1,2,3,3,2,3,4,3,4,3,3,3,3,3,3,romantic,casual,modern,modern,modern,modern,288
4,5,2,3,4,2,3,4,3,3,4,4,4,2,4,4,3,4,3,1,3,2,casual,classic,classic,natural,natural,classic,289
5,4,3,2,3,2,3,2,2,4,3,4,4,3,4,4,3,3,4,4,3,2,classic,natural,natural,natural,modern,natural,290
5,5,2,3,4,3,2,3,3,3,2,3,3,3,4,4,2,3,4,4,3,2,casual,natural,modern,modern,casual,natural,291
2,3,2,2,3,3,1,2,2,3,2,3,3,4,3,4,3,2,4,2,2,3,modern,romantic,romantic,modern,classic,modern,292
3,4,2,3,2,3,2,1,2,4,2,3,3,4,3,4,3,3,3,2,3,2,romantic,casual,romantic,modern,casual,modern,293
3,4,2,1,2,2,1,2,2,3,2,3,3,4,3,4,3,2,3,4,2,3,romantic,romantic,modern,modern,modern,modern,294
3,4,1,1,2,3,2,1,2,4,3,2,3,3,3,4,3,3,3,4,2,3,modern,modern,modern,casual,classic,modern,295
5,5,2,2,3,3,2,2,2,4,2,2,3,3,4,4,3,2,4,3,2,2,natural,modern,classic,natural,natural,natural,296
3,3,1,1,2,1,2,2,3,4,2,3,4,4,3,4,3,2,3,2,2,3,classic,classic,romantic,romantic,modern,modern,297
5,3,2,1,4,2,3,3,3,3,3,5,3,2,3,4,4,3,4,2,2,2,modern,casual,romantic,natural,romantic,romantic,298
5,4,2,3,3,2,3,2,3,3,3,4,3,4,3,3,3,3,4,5,3,4,romantic,classic,casual,casual,casual,casual,299
4,5,3,3,3,3,3,3,3,4,2,3,4,4,3,4,2,2,3,3,2,4,modern,natural,natural,casual,modern,natural,300
3,5,3,3,4,3,3,3,3,4,3,3,3,4,4,4,3,4,4,3,3,4,casual,natural,natural,natural,romantic,natural,301
2,4,1,3,3,1,1,2,2,4,3,3,3,4,4,4,2,2,4,4,3,2,classic,natural,romantic,classic,classic,modern,302
4,2,4,1,3,3,4,4,2,4,3,5,5,1,4,4,5,3,4,3,3,2,romantic,romantic,romantic,romantic,romantic,romantic,303
5,4,2,2,3,3,2,3,2,4,2,4,4,3,3,3,3,3,3,3,3,2,natural,modern,natural,modern,romantic,natural,304
5,5,2,4,3,4,2,1,3,4,3,4,4,3,4,3,2,2,5,5,3,4,casual,modern,casual,casual,casual,casual,305
3,3,1,3,2,2,2,5,4,4,3,3,4,2,2,3,3,3,3,2,3,3,modern,modern,classic,classic,classic,classic,306
2,4,2,2,3,3,1,1,2,3,3,2,3,4,3,4,3,2,3,3,3,3,modern,casual,romantic,natural,modern,modern,307
5,3,4,1,3,3,4,4,2,4,5,4,4,2,4,3,5,3,4,2,3,3,casual,modern,modern,romantic,modern,romantic,308
4,4,3,3,3,3,3,1,3,3,4,4,3,4,3,3,4,3,4,4,3,4,casual,casual,romantic,casual,romantic,casual,309
2,4,1,2,3,3,1,2,2,4,3,3,4,4,4,4,3,3,3,4,2,3,modern,modern,classic,natural,modern,modern,310
4,4,1,3,3,2,2,2,3,4,2,2,3,3,4,4,3,3,4,4,3,2,romantic,natural,natural,modern,romantic,natural,311
3,4,2,3,4,3,2,3,4,4,4,4,3,2,3,4,3,3,4,1,2,3,modern,natural,romantic,classic,casual,classic,312
3,3,2,3,3,2,2,1,2,4,2,3,3,4,4,4,3,2,4,3,3,3,modern,modern,modern,modern,modern,modern,313
4,3,4,2,3,2,3,3,3,3,5,3,3,2,3,3,4,5,4,2,2,3,classic,classic,romantic,romantic,natural,romantic,314
4,4,2,5,4,2,1,1,2,4,4,4,3,4,4,4,4,3,4,4,4,4,casual,casual,romantic,casual,casual,casual,315
2,3,2,2,3,2,2,2,3,4,3,3,3,4,4,3,2,2,4,3,2,2,romantic,classic,natural,classic,classic,modern,316
4,4,1,4,4,2,2,5,4,4,4,4,4,2,3,4,3,4,2,2,2,3,classic,classic,natural,natural,classic,classic,317
2,3,2,2,3,3,1,1,3,3,2,3,3,3,4,4,3,2,4,2,2,3,modern,modern,modern,casual,natural,modern,318
5,3,3,1,3,2,3,2,3,3,4,3,4,1,3,3,5,4,4,2,2,3,classic,modern,romantic,romantic,classic,romantic,319
4,4,3,4,3,3,2,2,2,4,3,2,3,3,4,4,2,2,5,5,3,4,classic,casual,romantic,classic,casual,casual,320
4,5,2,5,3,3,2,2,2,4,4,2,2,3,3,4,3,2,4,4,5,4,modern,romantic,casual,romantic,modern,casual,321
4,4,1,3,4,3,2,3,2,4,3,3,3,3,4,3,2,3,4,3,3,4,casual,casual,modern,natural,romantic,natural,322
4,3,3,3,3,2,3,3,4,3,3,3,3,1,2,4,3,4,3,2,3,3,classic,classic,classic,romantic,classic,classic,323
4,5,2,4,3,3,2,5,3,4,4,3,4,2,3,3,3,3,2,2,2,3,romantic,classic,classic,romantic,romantic,classic,324
2,4,1,3,3,1,2,2,2,4,3,2,3,4,4,3,3,2,4,2,3,3,modern,modern,modern,modern,casual,modern,325
4,3,3,2,4,2,3,3,3,4,5,4,4,1,3,3,5,3,3,3,3,3,natural,modern,classic,romantic,romantic,romantic,326
4,4,2,3,4,2,3,2,3,4,2,3,3,3,4,4,3,3,3,3,2,4,natural,natural,natural,natural,natural,natural,327
3,4,1,3,3,2,2,2,2,4,3,2,3,4,4,4,3,2,4,4,2,3,modern,modern,casual,modern,modern,modern,328
4,4,2,4,3,3,3,4,4,4,4,3,4,2,4,4,4,4,3,2,2,3,modern,casual,classic,natural,casual,classic,329
5,4,2,2,4,2,3,2,2,3,3,3,3,4,4,4,3,3,3,3,2,3,natural,romantic,natural,casual,romantic,natural,330
3,3,1,2,3,3,2,2,2,3,3,2,3,4,3,3,3,3,3,3,3,3,modern,natural,modern,modern,natural,modern,331
4,4,3,5,4,3,3,2,2,3,4,3,3,3,4,3,4,3,5,3,4,3,natural,modern,casual,casual,casual,casual,332
2,4,2,2,2,3,2,2,2,4,2,2,3,3,3,4,2,3,3,3,2,3,modern,romantic,casual,natural,romantic,modern,333
3,4,2,2,2,1,2,2,2,3,3,3,3,4,4,4,3,3,3,3,3,2,modern,classic,natural,modern,modern,modern,334
4,3,2,2,4,3,3,4,2,4,4,5,3,3,3,2,4,4,4,2,2,2,romantic,romantic,casual,casual,romantic,romantic,335
2,3,2,3,3,3,1,2,2,3,3,3,3,4,4,4,3,3,4,3,2,3,modern,modern,modern,modern,modern,modern,336
2,4,2,2,2,2,2,2,2,3,2,3,3,4,3,4,3,3,3,3,3,2,modern,romantic,modern,modern,romantic,modern,337
3,4,2,2,4,2,3,2,2,4,2,3,4,4,3,3,3,3,4,2,3,3,modern,natural,natural,modern,romantic,natural,338
4,3,3,4,2,3,3,3,4,4,3,3,4,2,3,4,4,4,3,1,2,3,natural,modern,natural,classic,casual,classic,339
4,3,3,1,4,2,3,2,2,4,3,4,4,2,4,3,4,4,4,3,3,2,romantic,romantic,romantic,romantic,modern,romantic,340
3,5,3,3,3,2,3,2,2,4,2,4,3,3,3,4,3,2,4,4,3,2,natural,classic,classic,natural,romantic,natural,341
2,4,2,2,2,2,2,2,3,4,2,3,3,3,4,4,2,3,3,2,2,3,classic,modern,natural,romantic,romantic,modern,342
3,4,3,3,3,2,2,3,3,4,2,2,3,4,4,4,3,3,4,3,3,3,modern,modern,romantic,classic,romantic,natural,343
4,4,1,3,3,2,2,3,4,3,4,4,3,2,4,3,4,4,4,2,2,3,classic,classic,romantic,modern,romantic,classic,344
5,5,2,3,3,2,3,3,3,4,2,4,4,4,4,4,3,2,4,2,2,3,natural,modern,romantic,romantic,natural,natural,345
4,4,3,4,4,3,3,3,3,4,4,4,2,3,4,3,2,3,5,3,5,3,casual,casual,romantic,casual,modern,casual,346
4,3,3,4,4,3,2,4,4,4,4,4,4,1,2,2,4,3,3,1,2,3,classic,natural,natural,classic,classic,classic,347
5,4,1,3,4,2,2,3,2,3,3,3,3,3,4,4,3,2,3,3,2,3,natural,romantic,natural,natural,natural,natural,348
4,4,2,3,3,3,3,3,2,4,2,3,4,4,3,4,3,2,3,4,3,4,modern,classic,romantic,natural,natural,natural,349
3,4,2,2,3,3,2,1,2,4,3,2,3,4,3,4,3,3,4,3,2,3,classic,modern,modern,modern,classic,modern,350
5,4,2,3,3,3,3,3,2,3,3,3,4,3,3,4,2,4,3,3,2,4,casual,casual,natural,romantic,modern,natural,351
4,4,2,4,4,4,3,2,3,4,3,3,4,4,3,3,3,2,5,4,4,4,casual,romantic,casual,romantic,modern,casual,352
4,4,3,4,4,2,1,1,3,4,3,3,2,3,3,3,3,2,4,5,5,4,casual,casual,casual,natural,casual,casual,353
4,5,2,2,3,2,2,3,3,4,3,3,3,3,3,4,3,3,3,2,3,3,natural,natural,casual,natural,classic,natural,354
4,5,3,3,3,3,2,2,3,4,2,3,3,4,4,3,2,3,3,2,3,2,natural,romantic,casual,natural,modern,natural,355
2,3,1,3,3,1,2,2,3,4,2,3,4,3,4,4,2,3,3,2,2,3,modern,classic,modern,modern,classic,modern,356
4,5,3,4,3,3,3,2,3,4,3,4,2,4,4,3,3,3,4,5,5,4,casual,romantic,casual,casual,casual,casual,357
3,3,2,3,3,2,2,1,3,4,3,3,3,4,3,3,3,3,4,3,2,3,modern,modern,natural,modern,modern,modern,358
5,5,2,3,3,2,2,2,3,4,2,4,3,4,4,4,3,3,4,4,2,3,natural,romantic,modern,classic,natural,natural,359
4,3,2,3,4,2,3,5,4,4,3,4,4,2,2,2,4,4,4,2,2,2,romantic,classic,classic,romantic,classic,classic,360
3,4,2,3,4,3,3,4,4,4,3,4,3,2,2,3,4,3,4,2,3,3,classic,casual,natural,natural,classic,classic,361
3,3,1,3,3,3,2,1,3,3,3,2,3,4,4,4,3,3,3,4,2,3,natural,modern,modern,modern,modern,modern,362
2,3,1,2,3,1,2,2,2,4,3,2,3,4,3,4,3,2,4,3,2,2,modern,modern,casual,casual,modern,modern,363
2,3,2,2,2,1,2,1,2,4,2,2,4,4,3,4,3,3,4,3,2,2,modern,modern,casual,natural,modern,modern,364
3,4,2,2,2,1,1,2,2,3,3,3,4,3,3,4,3,3,3,3,3,3,modern,natural,modern,modern,modern,modern,365
4,2,3,1,3,2,4,3,3,4,3,5,4,2,3,3,4,5,4,3,2,2,classic,romantic,casual,modern,casual,romantic,366
2,4,2,3,2,3,2,2,3,3,3,2,4,4,4,4,2,3,3,3,2,3,modern,modern,modern,romantic,modern,modern,367
3,3,2,2,3,3,1,2,2,3,3,3,4,3,3,3,2,3,3,2,3,3,modern,natural,natural,modern,classic,modern,368
5,4,3,5,3,4,3,2,2,3,3,3,3,4,3,4,2,3,5,4,5,3,natural,modern,casual,casual,modern,casual,369
2,4,1,3,2,2,2,2,3,3,3,3,4,4,3,4,3,3,3,4,2,3,modern,natural,romantic,modern,modern,modern,370
5,5,2,4,3,2,3,2,2,3,4,4,4,4,4,4,2,3,5,4,4,4,natural,natural,natural,modern,classic,casual,371
4,3,1,4,3,3,3,3,3,3,4,3,4,1,3,4,4,3,4,1,3,2,classic,romantic,classic,modern,romantic,classic,372
4,5,1,3,4,3,3,3,3,4,3,4,4,3,3,4,2,3,3,3,2,3,natural,natural,modern,natural,modern,natural,373
4,4,1,3,4,2,3,5,4,4,3,4,4,2,3,3,4,3,2,2,2,2,classic,natural,casual,modern,classic,classic,374
3,4,1,2,2,2,1,1,2,3,3,2,3,4,3,4,2,2,3,4,2,3,modern,modern,casual,natural,natural,modern,375
5,4,3,4,3,3,1,3,3,4,3,2,3,3,3,4,3,3,5,3,3,4,casual,casual,casual,classic,casual,casual,376
2,4,1,1,3,3,1,1,3,4,3,2,3,3,4,4,2,2,3,3,2,2,modern,casual,modern,modern,natural,modern,377
2,4,1,3,3,2,2,2,3,4,2,2,3,4,4,4,3,3,4,4,2,2,natural,classic,modern,modern,casual,modern,378
5,5,3,4,4,3,2,2,2,4,4,3,3,4,4,3,3,2,4,4,4,3,natural,natural,classic,casual,casual,casual,379
2,4,1,2,2,2,2,1,2,3,2,3,4,4,3,4,2,3,3,4,2,3,casual,modern,natural,modern,modern,modern,380
2,3,2,2,2,3,2,1,2,4,2,2,4,4,4,3,2,3,4,2,3,3,casual,modern,modern,modern,classic,modern,381
4,5,2,2,3,3,3,3,3,4,2,2,4,4,3,3,3,2,4,2,2,4,natural,natural,natural,modern,romantic,natural,382
3,4,1,2,2,1,2,2,2,4,3,2,3,3,3,4,3,3,4,4,2,2,modern,casual,modern,modern,natural,modern,383
5,3,3,2,4,3,4,3,2,4,4,4,5,3,4,4,5,4,4,2,3,2,modern,natural,classic,classic,romantic,romantic,384
4,5,2,4,2,3,3,4,4,3,4,4,4,2,4,2,3,3,3,2,3,3,casual,romantic,classic,classic,modern,classic,385
4,3,2,3,3,2,3,4,3,4,4,4,3,2,4,3,4,3,3,2,2,2,classic,casual,classic,classic,casual,classic,386
2,4,2,2,2,3,2,2,2,4,3,3,4,4,3,4,3,2,3,3,2,3,modern,modern,modern,natural,modern,modern,387
3,4,2,2,3,2,2,2,2,4,2,2,3,4,4,4,3,3,4,4,2,3,natural,modern,modern,romantic,natural,modern,388
4,4,3,4,3,3,3,3,4,4,4,4,4,1,4,3,3,4,4,2,3,2,classic,natural,classic,modern,natural,classic,389
4,2,3,1,4,3,4,4,2,3,3,4,4,3,3,2,5,3,3,2,3,2,natural,romantic,romantic,romantic,romantic,romantic,390
3,4,2,3,3,3,1,1,3,3,3,3,3,4,3,3,2,2,3,2,3,2,classic,modern,modern,romantic,modern,modern,391
3,4,2,3,2,2,1,1,2,3,2,3,3,4,4,4,3,3,3,3,2,3,casual,modern,classic,classic,modern,modern,392
4,4,3,4,3,4,1,2,3,3,3,3,2,3,4,4,4,3,5,5,3,4,modern,casual,casual,casual,casual,casual,393
3,4,1,2,2,3,1,2,2,4,2,3,4,3,4,4,3,3,4,2,2,3,romantic,romantic,casual,modern,natural,modern,394
1,4,4,1,4,4,3,4,4,3,5,3,5,2,2,4,5,5,2,2,4,4,romantic,casual,classic,modern,casual,natural,395
4,5,2,4,4,3,2,4,2,4,3,2,3,2,5,4,3,4,4,3,3,5,classic,natural,casual,casual,casual,natural,396
4,2,5,4,2,1,4,2,2,2,4,3,1,2,2,2,1,4,3,2,3,4,casual,natural,romantic,modern,natural,romantic,397
5,4,2,3,3,5,4,4,4,3,1,4,2,5,2,4,3,5,2,4,2,4,classic,casual,modern,natural,modern,casual,398
2,2,5,3,2,2,4,1,3,5,2,1,2,4,5,5,1,4,4,4,2,3,modern,natural,natural,romantic,casual,classic,399
2,2,1,2,4,2,3,2,3,4,3,4,1,2,5,2,4,1,3,5,4,1,romantic,casual,natural,classic,modern,modern,400
1,4,5,2,2,5,5,4,3,4,5,2,3,4,2,3,2,5,1,3,3,1,modern,romantic,romantic,romantic,classic,modern,401
2,4,2,2,2,2,4,3,2,5,5,1,2,5,5,4,2,2,2,2,4,3,romantic,classic,modern,classic,modern,romantic,402
2,5,5,2,5,4,4,3,1,2,3,4,2,4,3,4,3,4,3,4,4,2,modern,classic,natural,casual,modern,natural,403
4,5,4,4,1,3,5,1,2,4,5,1,2,2,4,2,1,2,2,3,4,2,modern,modern,romantic,modern,modern,modern,404
4,3,1,4,3,3,5,5,2,2,2,4,2,3,3,4,2,4,2,2,1,4,natural,romantic,natural,classic,modern,casual,405
2,2,1,5,4,1,4,1,3,4,1,4,1,3,1,2,3,3,2,4,4,3,modern,modern,casual,modern,natural,casual,406
3,2,1,4,1,4,5,2,4,1,4,4,3,5,2,2,4,3,4,4,4,1,classic,modern,classic,romantic,classic,modern,407
3,2,1,2,4,5,4,3,3,1,4,3,4,3,4,4,4,2,4,2,4,2,romantic,classic,modern,modern,modern,natural,408
5,3,2,2,3,1,5,3,4,2,2,3,5,2,4,1,1,2,1,3,3,2,romantic,casual,romantic,casual,classic,romantic,409
4,2,1,2,1,2,1,3,3,2,2,3,5,2,2,3,5,2,2,2,5,3,classic,natural,casual,natural,classic,modern,410
2,1,3,2,1,3,4,1,5,4,5,4,4,2,2,3,5,5,5,4,1,2,casual,romantic,classic,natural,natural,natural,411
1,5,3,4,2,5,4,3,3,3,1,2,4,2,4,4,2,3,4,3,2,2,classic,casual,classic,romantic,romantic,casual,412
1,3,2,2,2,2,2,2,3,3,4,4,3,1,2,3,1,2,5,4,3,5,casual,casual,natural,modern,romantic,romantic,413
3,2,3,2,4,1,3,5,5,1,1,4,4,4,3,5,4,1,2,3,4,4,natural,natural,modern,natural,natural,romantic,414
1,3,4,4,5,2,4,3,1,4,3,3,3,5,5,2,4,2,2,1,5,4,natural,casual,romantic,casual,casual,modern,415
4,2,2,1,2,5,3,4,4,1,2,2,4,1,2,4,4,4,2,5,4,1,natural,classic,classic,casual,modern,modern,416
3,1,2,2,2,5,2,4,3,3,5,4,1,1,3,2,1,2,3,2,5,1,classic,romantic,romantic,casual,natural,casual,417
5,3,3,5,4,4,4,2,2,5,1,4,3,1,2,2,2,1,4,1,4,4,classic,modern,classic,casual,classic,modern,418
2,4,3,4,2,2,4,4,3,3,2,2,2,1,5,2,2,3,2,3,3,3,modern,classic,natural,casual,romantic,casual,419
1,4,4,2,2,4,3,1,1,2,2,1,4,3,2,1,2,2,4,3,3,1,natural,modern,modern,natural,casual,casual,420
4,4,3,2,4,3,2,4,2,4,4,4,1,3,4,4,1,3,2,4,1,1,classic,natural,classic,modern,classic,modern,421
4,3,3,2,2,3,5,2,2,1,1,4,4,2,4,2,2,3,4,4,4,4,natural,casual,modern,casual,natural,classic,422
4,3,4,4,2,1,3,4,1,1,4,2,5,4,2,3,4,5,5,3,4,4,classic,romantic,casual,romantic,romantic,natural,423
5,4,3,5,2,4,4,2,4,3,4,1,2,2,4,3,4,4,2,2,3,2,modern,classic,modern,natural,casual,casual,424
4,2,3,2,5,2,4,3,4,3,2,2,1,2,1,4,4,2,4,5,1,2,romantic,modern,modern,modern,casual,casual,425
2,2,1,5,3,4,5,2,2,1,3,4,2,5,2,2,3,2,2,2,2,1,classic,romantic,classic,casual,natural,modern,426
3,4,1,3,2,1,4,2,4,4,3,5,4,5,3,3,3,3,4,2,3,3,romantic,natural,romantic,modern,modern,modern,427
2,1,4,3,3,3,2,3,3,3,4,1,3,5,2,4,2,2,4,3,2,3,romantic,romantic,modern,natural,classic,modern,428
1,2,4,4,4,3,4,5,5,4,4,2,2,2,1,2,5,5,2,4,2,5,natural,natural,classic,classic,classic,casual,429
5,2,3,2,2,3,5,3,4,3,3,5,3,3,2,2,2,5,5,1,2,4,romantic,casual,romantic,natural,classic,romantic,430
4,1,2,3,3,3,5,2,3,2,4,2,4,2,3,2,4,5,5,2,4,2,classic,classic,natural,modern,casual,romantic,431
2,3,1,1,2,2,1,2,3,4,3,2,3,2,3,1,3,5,4,2,2,5,romantic,romantic,natural,natural,classic,classic,432
3,2,5,4,2,4,2,1,4,1,3,2,3,1,1,1,5,2,5,4,1,5,modern,classic,natural,modern,modern,romantic,433
3,1,3,2,3,3,2,4,1,5,3,3,1,5,3,2,4,3,4,2,1,3,romantic,natural,classic,romantic,modern,modern,434
5,3,3,4,5,1,4,3,5,4,3,3,4,5,2,3,2,2,5,3,4,3,classic,classic,modern,natural,casual,modern,435
3,4,3,2,2,3,5,3,3,3,2,4,1,2,5,1,3,1,4,4,2,5,romantic,casual,natural,casual,casual,natural,436
3,1,5,2,3,3,2,3,3,4,2,5,4,3,2,4,3,1,3,3,4,2,casual,natural,modern,modern,natural,natural,437
3,3,1,4,3,1,3,2,4,3,4,5,4,4,2,3,4,2,4,5,5,5,natural,casual,romantic,natural,natural,natural,438
4,1,3,3,2,1,2,3,1,3,5,3,4,4,2,1,3,1,1,1,3,4,natural,romantic,natural,classic,casual,casual,439
2,5,2,4,2,2,1,4,3,5,2,3,4,4,4,3,1,2,4,5,5,3,classic,modern,classic,modern,romantic,modern,440
2,4,2,1,3,5,5,3,3,3,2,2,5,3,5,3,3,2,3,4,2,3,romantic,romantic,casual,natural,classic,natural,441
1,3,1,4,3,2,1,3,2,2,3,5,1,3,3,3,5,4,3,3,3,4,modern,modern,modern,natural,casual,modern,442
5,3,5,1,2,2,1,3,4,2,3,5,4,4,2,1,4,1,2,2,4,3,modern,romantic,classic,romantic,casual,natural,443
2,1,4,2,5,4,1,3,5,5,4,2,2,4,1,1,4,5,3,3,1,3,casual,modern,natural,classic,casual,classic,444
2,4,2,5,5,4,4,4,2,2,2,2,2,2,2,4,5,1,2,2,4,3,romantic,romantic,natural,modern,casual,natural,445
2,3,4,5,3,2,4,3,3,4,3,2,2,3,1,3,5,3,4,2,3,4,natural,natural,modern,classic,casual,classic,446
2,3,5,1,5,1,3,3,4,5,2,2,1,5,2,4,4,2,2,3,2,1,romantic,natural,natural,classic,natural,natural,447
2,3,2,3,2,4,3,5,5,3,3,5,4,3,2,3,4,2,1,3,3,1,romantic,romantic,modern,classic,romantic,romantic,448
4,3,3,2,3,2,5,3,2,2,1,3,4,3,2,2,4,3,3,2,1,4,natural,natural,classic,modern,modern,modern,449
4,2,3,4,1,5,3,4,3,4,4,1,4,1,3,3,5,4,4,1,4,5,romantic,classic,modern,natural,modern,classic,450
5,1,2,2,1,1,2,2,1,3,4,1,3,3,4,3,2,5,1,2,4,3,classic,classic,romantic,classic,casual,casual,451
3,4,2,3,3,3,1,2,2,1,4,2,5,2,4,1,3,1,5,4,4,5,romantic,modern,casual,classic,classic,modern,452
3,4,2,3,3,2,4,2,3,2,3,2,4,4,2,3,4,3,4,3,3,1,modern,casual,modern,classic,casual,romantic,453
1,5,4,3,5,1,4,2,4,2,2,4,4,5,4,2,4,1,2,5,4,1,classic,romantic,natural,classic,casual,modern,454
1,4,2,3,3,4,3,3,5,3,3,2,4,3,3,4,2,5,3,3,4,3,casual,modern,natural,natural,casual,modern,455
2,3,2,3,2,3,2,2,3,3,3,2,2,2,3,5,2,5,5,1,5,3,casual,romantic,romantic,natural,modern,modern,456
3,4,2,1,4,5,3,3,4,4,2,3,2,2,2,1,5,4,4,3,5,3,romantic,casual,natural,natural,romantic,casual,457
2,4,5,3,4,5,2,4,4,3,4,4,4,4,2,4,2,2,2,3,2,1,casual,modern,casual,casual,classic,classic,458
2,5,4,4,1,4,4,4,3,5,4,4,3,3,2,1,3,1,4,1,2,3,classic,casual,classic,casual,casual,modern,459
5,1,3,3,5,3,2,3,2,2,3,3,3,2,2,3,4,2,2,3,3,4,casual,modern,modern,classic,casual,modern,460
4,3,5,2,3,4,2,3,5,3,2,2,2,2,2,2,4,2,3,3,3,5,casual,natural,classic,modern,modern,casual,461
4,3,5,4,2,5,3,5,2,3,3,4,5,1,2,3,2,2,2,1,3,3,natural,natural,romantic,modern,romantic,modern,462
2,3,5,5,3,1,4,3,2,5,2,3,1,3,2,5,4,2,2,2,4,2,modern,modern,casual,romantic,romantic,natural,463
4,4,3,5,4,4,2,4,5,1,2,5,4,3,1,4,2,1,3,2,2,5,casual,natural,romantic,modern,natural,casual,464
3,3,4,2,1,3,4,4,3,4,4,3,2,2,4,2,3,4,3,1,4,2,classic,modern,classic,modern,classic,modern,465
5,3,1,5,4,2,3,4,2,5,5,2,4,4,2,4,5,1,2,3,4,1,classic,classic,natural,classic,casual,modern,466
4,2,3,4,4,4,5,2,5,3,2,3,2,2,4,3,3,4,4,4,1,2,natural,modern,modern,modern,modern,natural,467
2,1,1,5,4,4,1,2,4,2,2,4,1,3,5,4,5,4,3,4,2,4,modern,casual,natural,casual,casual,romantic,468
3,1,3,3,2,4,5,2,4,1,2,1,5,2,5,4,3,2,2,2,4,3,modern,casual,classic,classic,casual,classic,469
3,3,2,5,4,4,4,2,5,3,2,2,4,4,4,2,5,3,3,1,2,3,classic,natural,casual,casual,natural,modern,470
1,2,4,3,3,1,2,5,3,4,4,1,3,4,5,1,2,1,5,1,5,1,natural,natural,natural,romantic,classic,modern,471
2,1,5,2,4,4,5,4,5,4,4,3,4,2,4,2,5,1,5,2,4,2,casual,natural,casual,casual,classic,romantic,472
2,5,5,4,4,4,4,3,4,3,2,3,5,4,5,2,5,1,3,5,1,1,romantic,modern,classic,modern,modern,modern,473
2,4,4,5,5,5,2,4,5,2,3,2,5,1,3,3,4,3,2,4,3,5,romantic,romantic,natural,romantic,modern,casual,474
2,2,1,5,3,2,5,2,3,2,4,3,2,4,4,2,5,1,2,2,3,2,casual,casual,natural,classic,classic,modern,475
2,2,1,5,4,5,4,3,2,2,2,2,2,4,4,1,4,3,4,2,3,1,natural,classic,classic,casual,natural,modern,476
5,4,2,3,2,3,4,2,2,4,2,2,1,3,3,4,5,2,5,2,4,3,casual,casual,romantic,romantic,casual,natural,477
4,5,2,2,1,3,3,3,4,3,2,3,1,4,1,3,2,5,2,3,4,4,casual,casual,natural,natural,romantic,modern,478
2,3,2,2,5,2,3,4,2,2,2,1,3,2,1,4,4,3,3,4,2,4,romantic,romantic,classic,natural,classic,casual,479
3,2,3,2,4,4,5,5,2,3,3,1,4,2,5,3,1,1,2,4,4,3,classic,classic,modern,natural,modern,classic,480
2,2,2,3,3,4,1,2,2,2,5,3,4,1,3,2,3,2,3,2,5,1,casual,romantic,natural,classic,casual,natural,481
3,2,2,1,4,2,2,2,3,3,5,5,2,5,2,4,5,4,4,2,1,3,modern,romantic,natural,classic,modern,modern,482
4,3,3,4,4,3,3,4,3,4,2,3,3,4,2,2,1,4,2,3,2,2,natural,classic,modern,modern,classic,casual,483
4,4,1,2,1,3,4,4,2,4,2,2,2,3,4,3,2,2,5,4,3,4,casual,classic,casual,casual,modern,romantic,484
3,4,4,4,3,4,1,1,3,3,4,3,1,3,1,5,1,3,2,4,3,2,romantic,classic,romantic,natural,romantic,romantic,485
1,2,3,4,3,3,5,4,2,2,2,1,1,5,2,3,1,2,3,5,3,1,classic,modern,natural,classic,natural,modern,486
4,5,2,1,3,2,4,4,3,1,4,2,4,4,3,5,3,4,3,3,1,4,romantic,romantic,natural,modern,modern,casual,487
1,4,4,2,2,3,3,1,2,4,2,4,2,3,3,3,4,1,5,1,2,3,modern,modern,casual,classic,romantic,romantic,488
2,3,5,4,1,4,2,2,4,3,4,1,3,1,1,3,4,4,4,1,2,1,casual,casual,classic,classic,modern,modern,489
4,3,5,2,4,2,3,3,4,1,2,3,3,2,2,3,4,2,2,5,2,4,modern,modern,romantic,casual,romantic,casual,490
4,1,4,3,4,4,2,4,3,1,4,1,4,4,3,3,5,5,4,2,1,3,romantic,modern,casual,modern,romantic,casual,491
4,2,4,3,3,3,4,1,3,3,4,3,5,4,4,4,4,2,2,3,1,2,romantic,modern,romantic,classic,natural,natural,492
2,4,5,2,3,1,1,2,3,2,3,4,3,3,2,2,3,2,4,2,4,4,romantic,modern,modern,modern,romantic,casual,493
3,2,2,3,5,3,4,2,4,2,5,2,2,3,4,5,2,1,1,2,5,3,casual,romantic,romantic,romantic,classic,modern,494
2,2,1,2,4,4,3,1,4,1,4,3,4,1,4,1,3,5,4,2,1,2,natural,classic,classic,modern,modern,classic,495
3,4,4,2,3,4,4,4,3,4,3,3,4,4,4,3,3,2,4,4,3,3,natural,casual,modern,casual,modern,modern,496
1,1,3,5,5,3,2,2,2,4,3,2,4,3,4,4,5,3,1,5,3,4,classic,romantic,romantic,classic,casual,natural,497
4,3,4,1,5,2,2,3,2,4,4,2,3,4,4,2,3,1,1,1,2,2,classic,natural,casual,classic,romantic,natural,498
4,4,4,3,3,4,3,4,3,2,2,2,1,5,2,2,3,1,4,2,3,3,romantic,casual,natural,casual,modern,natural,499
4,4,5,1,5,5,1,2,4,1,4,2,3,3,5,1,4,4,3,1,2,3,classic,modern,romantic,casual,romantic,classic,500
4,2,3,3,2,1,3,3,3,1,4,4,2,3,2,1,3,3,2,3,1,2,modern,modern,casual,casual,casual,natural,501
4,4,3,5,3,2,2,5,4,4,3,3,2,5,4,2,3,3,3,2,5,1,modern,romantic,natural,modern,romantic,modern,502
2,4,3,4,4,2,3,4,4,4,1,4,3,4,1,4,4,2,2,4,4,2,casual,casual,romantic,natural,classic,classic,503
2,4,4,3,4,4,2,3,4,5,5,4,3,3,2,4,2,3,3,1,3,1,casual,romantic,classic,classic,modern,modern,504
5,1,3,5,3,2,1,2,3,1,5,3,2,3,4,2,4,2,2,3,2,2,classic,casual,casual,casual,classic,classic,505
2,4,5,3,3,4,2,4,4,3,2,3,4,2,3,4,4,4,2,3,4,2,modern,natural,modern,romantic,romantic,modern,506
1,4,3,3,2,3,4,3,3,1,2,4,2,5,5,2,5,3,3,5,5,4,natural,romantic,classic,casual,romantic,natural,507
2,2,3,1,3,4,3,2,5,1,1,5,3,3,1,2,3,4,3,5,2,4,modern,classic,natural,classic,casual,casual,508
1,5,5,2,2,3,4,2,3,3,2,2,1,5,5,4,4,3,4,3,4,3,classic,casual,casual,classic,natural,casual,509
2,5,4,2,4,5,1,2,2,5,2,2,3,4,3,2,3,1,3,2,1,3,modern,casual,casual,classic,romantic,classic,510
4,3,3,3,3,3,4,2,4,2,4,3,3,5,1,3,5,2,5,2,3,4,classic,casual,modern,casual,casual,classic,511
3,5,4,3,1,2,2,1,3,2,2,5,2,5,5,2,2,3,3,4,2,3,romantic,natural,natural,natural,classic,natural,512
2,3,4,4,1,2,3,3,1,4,2,3,1,3,2,4,3,4,3,4,5,1,romantic,modern,classic,natural,casual,casual,513
3,5,2,3,5,2,3,4,3,1,2,4,3,4,2,2,2,3,3,4,3,2,romantic,modern,natural,modern,casual,natural,514
